id,sensor_id,event_time,processing_time,vehicle_count,avg_speed,ingested_at
496,J4_BORELLA,2026-05-09 12:29:39.321201+05:30,2026-05-09 12:29:40.004000+05:30,24,20.72,2026-05-09 12:29:39.322000+05:30
466,J3_TOWN_HALL,2026-05-09 12:29:39.320580+05:30,2026-05-09 12:29:40.004000+05:30,44,43.34,2026-05-09 12:29:39.321000+05:30
476,J2_BAMBALAPITIYA,2026-05-09 12:29:39.319867+05:30,2026-05-09 12:29:40.004000+05:30,19,44.65,2026-05-09 12:29:39.320000+05:30
495,J1_KOLLUPITIYA,2026-05-09 12:29:39.319355+05:30,2026-05-09 12:29:40.004000+05:30,50,58.27,2026-05-09 12:29:39.319000+05:30
494,J4_BORELLA,2026-05-09 12:29:38.317517+05:30,2026-05-09 12:29:40.004000+05:30,41,42.63,2026-05-09 12:29:38.318000+05:30
465,J3_TOWN_HALL,2026-05-09 12:29:38.316748+05:30,2026-05-09 12:29:40.004000+05:30,64,19.64,2026-05-09 12:29:38.317000+05:30
475,J2_BAMBALAPITIYA,2026-05-09 12:29:38.315900+05:30,2026-05-09 12:29:40.004000+05:30,11,26.48,2026-05-09 12:29:38.316000+05:30
493,J1_KOLLUPITIYA,2026-05-09 12:29:38.315228+05:30,2026-05-09 12:29:40.004000+05:30,28,47.66,2026-05-09 12:29:38.315000+05:30
492,J4_BORELLA,2026-05-09 12:29:37.311099+05:30,2026-05-09 12:29:40.004000+05:30,149,6.50,2026-05-09 12:29:37.312000+05:30
464,J3_TOWN_HALL,2026-05-09 12:29:37.309333+05:30,2026-05-09 12:29:40.004000+05:30,21,33.75,2026-05-09 12:29:37.310000+05:30
474,J2_BAMBALAPITIYA,2026-05-09 12:29:37.308487+05:30,2026-05-09 12:29:40.004000+05:30,48,25.33,2026-05-09 12:29:37.309000+05:30
491,J1_KOLLUPITIYA,2026-05-09 12:29:37.307895+05:30,2026-05-09 12:29:40.004000+05:30,39,23.84,2026-05-09 12:29:37.308000+05:30
490,J4_BORELLA,2026-05-09 12:29:36.305472+05:30,2026-05-09 12:29:40.004000+05:30,49,27.58,2026-05-09 12:29:36.306000+05:30
463,J3_TOWN_HALL,2026-05-09 12:29:36.304089+05:30,2026-05-09 12:29:40.004000+05:30,48,26.89,2026-05-09 12:29:36.305000+05:30
473,J2_BAMBALAPITIYA,2026-05-09 12:29:36.302990+05:30,2026-05-09 12:29:40.004000+05:30,60,38.46,2026-05-09 12:29:36.303000+05:30
489,J1_KOLLUPITIYA,2026-05-09 12:29:36.302207+05:30,2026-05-09 12:29:40.004000+05:30,42,32.32,2026-05-09 12:29:36.302000+05:30
488,J4_BORELLA,2026-05-09 12:29:35.300457+05:30,2026-05-09 12:29:40.004000+05:30,53,54.86,2026-05-09 12:29:35.301000+05:30
462,J3_TOWN_HALL,2026-05-09 12:29:35.299042+05:30,2026-05-09 12:29:40.004000+05:30,69,18.81,2026-05-09 12:29:35.300000+05:30
472,J2_BAMBALAPITIYA,2026-05-09 12:29:35.298244+05:30,2026-05-09 12:29:40.004000+05:30,47,35.25,2026-05-09 12:29:35.298000+05:30
487,J1_KOLLUPITIYA,2026-05-09 12:29:35.297628+05:30,2026-05-09 12:29:40.004000+05:30,71,28.64,2026-05-09 12:29:35.298000+05:30
486,J4_BORELLA,2026-05-09 12:29:34.292986+05:30,2026-05-09 12:29:40.004000+05:30,117,2.33,2026-05-09 12:29:34.296000+05:30
461,J3_TOWN_HALL,2026-05-09 12:29:34.292524+05:30,2026-05-09 12:29:40.004000+05:30,33,38.14,2026-05-09 12:29:34.292000+05:30
471,J2_BAMBALAPITIYA,2026-05-09 12:29:34.291272+05:30,2026-05-09 12:29:40.004000+05:30,19,45.43,2026-05-09 12:29:34.291000+05:30
485,J1_KOLLUPITIYA,2026-05-09 12:29:34.289763+05:30,2026-05-09 12:29:40.004000+05:30,43,26.71,2026-05-09 12:29:34.290000+05:30
484,J4_BORELLA,2026-05-09 12:29:33.288288+05:30,2026-05-09 12:29:40.004000+05:30,54,32.43,2026-05-09 12:29:33.288000+05:30
460,J3_TOWN_HALL,2026-05-09 12:29:33.287445+05:30,2026-05-09 12:29:40.004000+05:30,67,28.43,2026-05-09 12:29:33.288000+05:30
470,J2_BAMBALAPITIYA,2026-05-09 12:29:33.286683+05:30,2026-05-09 12:29:40.004000+05:30,33,56.28,2026-05-09 12:29:33.287000+05:30
483,J1_KOLLUPITIYA,2026-05-09 12:29:33.285817+05:30,2026-05-09 12:29:40.004000+05:30,120,6.79,2026-05-09 12:29:33.286000+05:30
482,J4_BORELLA,2026-05-09 12:29:32.282450+05:30,2026-05-09 12:29:40.004000+05:30,49,29.96,2026-05-09 12:29:32.283000+05:30
459,J3_TOWN_HALL,2026-05-09 12:29:32.279909+05:30,2026-05-09 12:29:40.004000+05:30,104,6.89,2026-05-09 12:29:32.282000+05:30
469,J2_BAMBALAPITIYA,2026-05-09 12:29:32.278570+05:30,2026-05-09 12:29:40.004000+05:30,13,34.44,2026-05-09 12:29:32.279000+05:30
481,J1_KOLLUPITIYA,2026-05-09 12:29:32.277761+05:30,2026-05-09 12:29:40.004000+05:30,51,35.57,2026-05-09 12:29:32.278000+05:30
480,J4_BORELLA,2026-05-09 12:29:31.275356+05:30,2026-05-09 12:29:40.004000+05:30,48,53.93,2026-05-09 12:29:31.276000+05:30
458,J3_TOWN_HALL,2026-05-09 12:29:31.274469+05:30,2026-05-09 12:29:40.004000+05:30,39,45.61,2026-05-09 12:29:31.275000+05:30
468,J2_BAMBALAPITIYA,2026-05-09 12:29:31.273270+05:30,2026-05-09 12:29:40.004000+05:30,75,42.00,2026-05-09 12:29:31.273000+05:30
479,J1_KOLLUPITIYA,2026-05-09 12:29:31.272455+05:30,2026-05-09 12:29:40.004000+05:30,57,42.80,2026-05-09 12:29:31.273000+05:30
478,J4_BORELLA,2026-05-09 12:29:30.265680+05:30,2026-05-09 12:29:40.004000+05:30,143,8.42,2026-05-09 12:29:30.270000+05:30
457,J3_TOWN_HALL,2026-05-09 12:29:30.263963+05:30,2026-05-09 12:29:40.004000+05:30,36,36.67,2026-05-09 12:29:30.264000+05:30
467,J2_BAMBALAPITIYA,2026-05-09 12:29:30.262026+05:30,2026-05-09 12:29:40.004000+05:30,20,57.58,2026-05-09 12:29:30.263000+05:30
477,J1_KOLLUPITIYA,2026-05-09 12:29:30.260606+05:30,2026-05-09 12:29:40.004000+05:30,54,17.36,2026-05-09 12:29:30.261000+05:30
456,J4_BORELLA,2026-05-09 12:29:29.259217+05:30,2026-05-09 12:29:30.004000+05:30,58,47.06,2026-05-09 12:29:29.259000+05:30
426,J3_TOWN_HALL,2026-05-09 12:29:29.258439+05:30,2026-05-09 12:29:30.004000+05:30,139,5.34,2026-05-09 12:29:29.259000+05:30
436,J2_BAMBALAPITIYA,2026-05-09 12:29:29.257328+05:30,2026-05-09 12:29:30.004000+05:30,32,38.20,2026-05-09 12:29:29.257000+05:30
455,J1_KOLLUPITIYA,2026-05-09 12:29:29.256662+05:30,2026-05-09 12:29:30.004000+05:30,20,16.10,2026-05-09 12:29:29.257000+05:30
454,J4_BORELLA,2026-05-09 12:29:28.252792+05:30,2026-05-09 12:29:30.004000+05:30,27,20.43,2026-05-09 12:29:28.254000+05:30
425,J3_TOWN_HALL,2026-05-09 12:29:28.248014+05:30,2026-05-09 12:29:30.004000+05:30,31,46.26,2026-05-09 12:29:28.249000+05:30
435,J2_BAMBALAPITIYA,2026-05-09 12:29:28.247208+05:30,2026-05-09 12:29:30.004000+05:30,19,19.54,2026-05-09 12:29:28.247000+05:30
453,J1_KOLLUPITIYA,2026-05-09 12:29:28.245891+05:30,2026-05-09 12:29:30.004000+05:30,66,28.22,2026-05-09 12:29:28.246000+05:30
452,J4_BORELLA,2026-05-09 12:29:27.243236+05:30,2026-05-09 12:29:30.004000+05:30,56,46.87,2026-05-09 12:29:27.243000+05:30
424,J3_TOWN_HALL,2026-05-09 12:29:27.241971+05:30,2026-05-09 12:29:30.004000+05:30,22,21.02,2026-05-09 12:29:27.242000+05:30
434,J2_BAMBALAPITIYA,2026-05-09 12:29:27.241065+05:30,2026-05-09 12:29:30.004000+05:30,44,51.42,2026-05-09 12:29:27.241000+05:30
451,J1_KOLLUPITIYA,2026-05-09 12:29:27.239940+05:30,2026-05-09 12:29:30.004000+05:30,16,30.97,2026-05-09 12:29:27.240000+05:30
450,J4_BORELLA,2026-05-09 12:29:26.231802+05:30,2026-05-09 12:29:30.004000+05:30,40,54.54,2026-05-09 12:29:26.236000+05:30
423,J3_TOWN_HALL,2026-05-09 12:29:26.230562+05:30,2026-05-09 12:29:30.004000+05:30,77,59.86,2026-05-09 12:29:26.231000+05:30
433,J2_BAMBALAPITIYA,2026-05-09 12:29:26.228406+05:30,2026-05-09 12:29:30.004000+05:30,20,35.00,2026-05-09 12:29:26.229000+05:30
449,J1_KOLLUPITIYA,2026-05-09 12:29:26.226371+05:30,2026-05-09 12:29:30.004000+05:30,115,2.79,2026-05-09 12:29:26.228000+05:30
448,J4_BORELLA,2026-05-09 12:29:25.219982+05:30,2026-05-09 12:29:30.004000+05:30,39,17.03,2026-05-09 12:29:25.220000+05:30
422,J3_TOWN_HALL,2026-05-09 12:29:25.217867+05:30,2026-05-09 12:29:30.004000+05:30,30,26.64,2026-05-09 12:29:25.218000+05:30
432,J2_BAMBALAPITIYA,2026-05-09 12:29:25.216864+05:30,2026-05-09 12:29:30.004000+05:30,52,19.01,2026-05-09 12:29:25.217000+05:30
447,J1_KOLLUPITIYA,2026-05-09 12:29:25.215622+05:30,2026-05-09 12:29:30.004000+05:30,70,25.10,2026-05-09 12:29:25.216000+05:30
446,J4_BORELLA,2026-05-09 12:29:24.214089+05:30,2026-05-09 12:29:30.004000+05:30,16,18.03,2026-05-09 12:29:24.214000+05:30
421,J3_TOWN_HALL,2026-05-09 12:29:24.213522+05:30,2026-05-09 12:29:30.004000+05:30,20,17.07,2026-05-09 12:29:24.213000+05:30
431,J2_BAMBALAPITIYA,2026-05-09 12:29:24.212326+05:30,2026-05-09 12:29:30.004000+05:30,22,39.43,2026-05-09 12:29:24.212000+05:30
445,J1_KOLLUPITIYA,2026-05-09 12:29:24.211590+05:30,2026-05-09 12:29:30.004000+05:30,56,21.36,2026-05-09 12:29:24.212000+05:30
444,J4_BORELLA,2026-05-09 12:29:23.209586+05:30,2026-05-09 12:29:30.004000+05:30,49,25.09,2026-05-09 12:29:23.210000+05:30
420,J3_TOWN_HALL,2026-05-09 12:29:23.208713+05:30,2026-05-09 12:29:30.004000+05:30,14,32.32,2026-05-09 12:29:23.209000+05:30
430,J2_BAMBALAPITIYA,2026-05-09 12:29:23.208110+05:30,2026-05-09 12:29:30.004000+05:30,49,26.95,2026-05-09 12:29:23.208000+05:30
443,J1_KOLLUPITIYA,2026-05-09 12:29:23.207496+05:30,2026-05-09 12:29:30.004000+05:30,48,23.98,2026-05-09 12:29:23.207000+05:30
442,J4_BORELLA,2026-05-09 12:29:22.181106+05:30,2026-05-09 12:29:30.004000+05:30,54,46.82,2026-05-09 12:29:22.193000+05:30
419,J3_TOWN_HALL,2026-05-09 12:29:22.176212+05:30,2026-05-09 12:29:30.004000+05:30,96,8.18,2026-05-09 12:29:22.180000+05:30
429,J2_BAMBALAPITIYA,2026-05-09 12:29:22.174980+05:30,2026-05-09 12:29:30.004000+05:30,27,45.03,2026-05-09 12:29:22.175000+05:30
441,J1_KOLLUPITIYA,2026-05-09 12:29:22.173591+05:30,2026-05-09 12:29:30.004000+05:30,59,50.15,2026-05-09 12:29:22.174000+05:30
440,J4_BORELLA,2026-05-09 12:29:21.170078+05:30,2026-05-09 12:29:30.004000+05:30,61,22.68,2026-05-09 12:29:21.170000+05:30
418,J3_TOWN_HALL,2026-05-09 12:29:21.169389+05:30,2026-05-09 12:29:30.004000+05:30,52,18.74,2026-05-09 12:29:21.169000+05:30
428,J2_BAMBALAPITIYA,2026-05-09 12:29:21.167468+05:30,2026-05-09 12:29:30.004000+05:30,49,33.53,2026-05-09 12:29:21.168000+05:30
439,J1_KOLLUPITIYA,2026-05-09 12:29:21.166823+05:30,2026-05-09 12:29:30.004000+05:30,74,30.00,2026-05-09 12:29:21.167000+05:30
438,J4_BORELLA,2026-05-09 12:29:20.159738+05:30,2026-05-09 12:29:30.004000+05:30,34,55.27,2026-05-09 12:29:20.161000+05:30
417,J3_TOWN_HALL,2026-05-09 12:29:20.153813+05:30,2026-05-09 12:29:30.004000+05:30,69,31.94,2026-05-09 12:29:20.158000+05:30
427,J2_BAMBALAPITIYA,2026-05-09 12:29:20.150207+05:30,2026-05-09 12:29:30.004000+05:30,130,4.89,2026-05-09 12:29:20.151000+05:30
437,J1_KOLLUPITIYA,2026-05-09 12:29:20.148658+05:30,2026-05-09 12:29:30.004000+05:30,24,55.38,2026-05-09 12:29:20.149000+05:30
416,J4_BORELLA,2026-05-09 12:29:19.146218+05:30,2026-05-09 12:29:20.003000+05:30,25,47.00,2026-05-09 12:29:19.146000+05:30
386,J3_TOWN_HALL,2026-05-09 12:29:19.145267+05:30,2026-05-09 12:29:20.003000+05:30,57,54.51,2026-05-09 12:29:19.145000+05:30
396,J2_BAMBALAPITIYA,2026-05-09 12:29:19.143420+05:30,2026-05-09 12:29:20.003000+05:30,15,25.88,2026-05-09 12:29:19.144000+05:30
415,J1_KOLLUPITIYA,2026-05-09 12:29:19.142538+05:30,2026-05-09 12:29:20.003000+05:30,64,29.96,2026-05-09 12:29:19.143000+05:30
414,J4_BORELLA,2026-05-09 12:29:18.141207+05:30,2026-05-09 12:29:20.003000+05:30,54,56.57,2026-05-09 12:29:18.141000+05:30
385,J3_TOWN_HALL,2026-05-09 12:29:18.140229+05:30,2026-05-09 12:29:20.003000+05:30,79,33.10,2026-05-09 12:29:18.140000+05:30
395,J2_BAMBALAPITIYA,2026-05-09 12:29:18.138792+05:30,2026-05-09 12:29:20.003000+05:30,74,53.73,2026-05-09 12:29:18.139000+05:30
413,J1_KOLLUPITIYA,2026-05-09 12:29:18.138071+05:30,2026-05-09 12:29:20.003000+05:30,23,43.55,2026-05-09 12:29:18.138000+05:30
412,J4_BORELLA,2026-05-09 12:29:17.136407+05:30,2026-05-09 12:29:20.003000+05:30,30,56.49,2026-05-09 12:29:17.136000+05:30
384,J3_TOWN_HALL,2026-05-09 12:29:17.135838+05:30,2026-05-09 12:29:20.003000+05:30,50,39.39,2026-05-09 12:29:17.136000+05:30
394,J2_BAMBALAPITIYA,2026-05-09 12:29:17.134338+05:30,2026-05-09 12:29:20.003000+05:30,48,39.98,2026-05-09 12:29:17.134000+05:30
411,J1_KOLLUPITIYA,2026-05-09 12:29:17.133619+05:30,2026-05-09 12:29:20.003000+05:30,45,33.42,2026-05-09 12:29:17.134000+05:30
410,J4_BORELLA,2026-05-09 12:29:16.131066+05:30,2026-05-09 12:29:20.003000+05:30,60,59.24,2026-05-09 12:29:16.131000+05:30
383,J3_TOWN_HALL,2026-05-09 12:29:16.128675+05:30,2026-05-09 12:29:20.003000+05:30,92,9.12,2026-05-09 12:29:16.130000+05:30
393,J2_BAMBALAPITIYA,2026-05-09 12:29:16.127889+05:30,2026-05-09 12:29:20.003000+05:30,54,20.03,2026-05-09 12:29:16.128000+05:30
409,J1_KOLLUPITIYA,2026-05-09 12:29:16.126492+05:30,2026-05-09 12:29:20.003000+05:30,58,18.44,2026-05-09 12:29:16.127000+05:30
408,J4_BORELLA,2026-05-09 12:29:15.123093+05:30,2026-05-09 12:29:20.003000+05:30,77,35.23,2026-05-09 12:29:15.123000+05:30
382,J3_TOWN_HALL,2026-05-09 12:29:15.121147+05:30,2026-05-09 12:29:20.003000+05:30,44,54.32,2026-05-09 12:29:15.121000+05:30
392,J2_BAMBALAPITIYA,2026-05-09 12:29:15.118538+05:30,2026-05-09 12:29:20.003000+05:30,33,17.52,2026-05-09 12:29:15.119000+05:30
407,J1_KOLLUPITIYA,2026-05-09 12:29:15.117355+05:30,2026-05-09 12:29:20.003000+05:30,72,46.72,2026-05-09 12:29:15.118000+05:30
406,J4_BORELLA,2026-05-09 12:29:14.114794+05:30,2026-05-09 12:29:20.003000+05:30,24,15.80,2026-05-09 12:29:14.115000+05:30
381,J3_TOWN_HALL,2026-05-09 12:29:14.113547+05:30,2026-05-09 12:29:20.003000+05:30,24,16.38,2026-05-09 12:29:14.114000+05:30
391,J2_BAMBALAPITIYA,2026-05-09 12:29:14.112378+05:30,2026-05-09 12:29:20.003000+05:30,28,25.09,2026-05-09 12:29:14.113000+05:30
405,J1_KOLLUPITIYA,2026-05-09 12:29:14.111581+05:30,2026-05-09 12:29:20.003000+05:30,24,51.65,2026-05-09 12:29:14.112000+05:30
404,J4_BORELLA,2026-05-09 12:29:13.096069+05:30,2026-05-09 12:29:20.003000+05:30,66,41.51,2026-05-09 12:29:13.097000+05:30
380,J3_TOWN_HALL,2026-05-09 12:29:13.093525+05:30,2026-05-09 12:29:20.003000+05:30,35,38.96,2026-05-09 12:29:13.094000+05:30
390,J2_BAMBALAPITIYA,2026-05-09 12:29:13.091020+05:30,2026-05-09 12:29:20.003000+05:30,67,50.09,2026-05-09 12:29:13.092000+05:30
403,J1_KOLLUPITIYA,2026-05-09 12:29:13.084577+05:30,2026-05-09 12:29:20.003000+05:30,33,54.66,2026-05-09 12:29:13.089000+05:30
402,J4_BORELLA,2026-05-09 12:29:12.080712+05:30,2026-05-09 12:29:20.003000+05:30,79,48.39,2026-05-09 12:29:12.081000+05:30
379,J3_TOWN_HALL,2026-05-09 12:29:12.073562+05:30,2026-05-09 12:29:20.003000+05:30,77,34.55,2026-05-09 12:29:12.079000+05:30
389,J2_BAMBALAPITIYA,2026-05-09 12:29:12.064646+05:30,2026-05-09 12:29:20.003000+05:30,53,46.91,2026-05-09 12:29:12.073000+05:30
401,J1_KOLLUPITIYA,2026-05-09 12:29:12.053068+05:30,2026-05-09 12:29:20.003000+05:30,76,31.64,2026-05-09 12:29:12.063000+05:30
400,J4_BORELLA,2026-05-09 12:29:11.042941+05:30,2026-05-09 12:29:20.003000+05:30,18,24.70,2026-05-09 12:29:11.050000+05:30
378,J3_TOWN_HALL,2026-05-09 12:29:11.037272+05:30,2026-05-09 12:29:20.003000+05:30,30,47.84,2026-05-09 12:29:11.038000+05:30
388,J2_BAMBALAPITIYA,2026-05-09 12:29:11.033325+05:30,2026-05-09 12:29:20.003000+05:30,131,8.38,2026-05-09 12:29:11.036000+05:30
399,J1_KOLLUPITIYA,2026-05-09 12:29:11.032278+05:30,2026-05-09 12:29:20.003000+05:30,30,24.32,2026-05-09 12:29:11.032000+05:30
398,J4_BORELLA,2026-05-09 12:29:10.026868+05:30,2026-05-09 12:29:20.003000+05:30,53,33.57,2026-05-09 12:29:10.027000+05:30
377,J3_TOWN_HALL,2026-05-09 12:29:10.025654+05:30,2026-05-09 12:29:20.003000+05:30,12,52.23,2026-05-09 12:29:10.026000+05:30
387,J2_BAMBALAPITIYA,2026-05-09 12:29:10.023852+05:30,2026-05-09 12:29:20.003000+05:30,34,45.50,2026-05-09 12:29:10.024000+05:30
397,J1_KOLLUPITIYA,2026-05-09 12:29:10.022708+05:30,2026-05-09 12:29:20.003000+05:30,33,46.71,2026-05-09 12:29:10.023000+05:30
367,J4_BORELLA,2026-05-09 12:29:09.020598+05:30,2026-05-09 12:29:10.003000+05:30,34,41.13,2026-05-09 12:29:09.020000+05:30
376,J3_TOWN_HALL,2026-05-09 12:29:09.019202+05:30,2026-05-09 12:29:10.003000+05:30,55,24.60,2026-05-09 12:29:09.019000+05:30
349,J2_BAMBALAPITIYA,2026-05-09 12:29:09.016843+05:30,2026-05-09 12:29:10.003000+05:30,42,49.35,2026-05-09 12:29:09.018000+05:30
366,J1_KOLLUPITIYA,2026-05-09 12:29:09.014939+05:30,2026-05-09 12:29:10.003000+05:30,11,49.73,2026-05-09 12:29:09.015000+05:30
365,J4_BORELLA,2026-05-09 12:29:08.013075+05:30,2026-05-09 12:29:10.003000+05:30,14,55.81,2026-05-09 12:29:08.013000+05:30
375,J3_TOWN_HALL,2026-05-09 12:29:08.012221+05:30,2026-05-09 12:29:10.003000+05:30,39,46.03,2026-05-09 12:29:08.012000+05:30
348,J2_BAMBALAPITIYA,2026-05-09 12:29:08.011313+05:30,2026-05-09 12:29:10.003000+05:30,21,28.42,2026-05-09 12:29:08.012000+05:30
364,J1_KOLLUPITIYA,2026-05-09 12:29:08.010709+05:30,2026-05-09 12:29:10.003000+05:30,53,21.87,2026-05-09 12:29:08.011000+05:30
363,J4_BORELLA,2026-05-09 12:29:07.009127+05:30,2026-05-09 12:29:10.003000+05:30,26,24.57,2026-05-09 12:29:07.009000+05:30
374,J3_TOWN_HALL,2026-05-09 12:29:07.007967+05:30,2026-05-09 12:29:10.003000+05:30,34,19.48,2026-05-09 12:29:07.008000+05:30
347,J2_BAMBALAPITIYA,2026-05-09 12:29:07.007337+05:30,2026-05-09 12:29:10.003000+05:30,53,41.27,2026-05-09 12:29:07.007000+05:30
362,J1_KOLLUPITIYA,2026-05-09 12:29:07.006725+05:30,2026-05-09 12:29:10.003000+05:30,21,54.71,2026-05-09 12:29:07.007000+05:30
361,J4_BORELLA,2026-05-09 12:29:06.004647+05:30,2026-05-09 12:29:10.003000+05:30,47,47.89,2026-05-09 12:29:06.005000+05:30
373,J3_TOWN_HALL,2026-05-09 12:29:06.003090+05:30,2026-05-09 12:29:10.003000+05:30,45,16.89,2026-05-09 12:29:06.004000+05:30
346,J2_BAMBALAPITIYA,2026-05-09 12:29:06.001036+05:30,2026-05-09 12:29:10.003000+05:30,137,4.93,2026-05-09 12:29:06.002000+05:30
360,J1_KOLLUPITIYA,2026-05-09 12:29:06.000406+05:30,2026-05-09 12:29:10.003000+05:30,49,50.95,2026-05-09 12:29:06+05:30
359,J4_BORELLA,2026-05-09 12:29:04.999373+05:30,2026-05-09 12:29:10.003000+05:30,51,30.73,2026-05-09 12:29:04.999000+05:30
372,J3_TOWN_HALL,2026-05-09 12:29:04.998746+05:30,2026-05-09 12:29:10.003000+05:30,20,19.39,2026-05-09 12:29:04.999000+05:30
345,J2_BAMBALAPITIYA,2026-05-09 12:29:04.998107+05:30,2026-05-09 12:29:10.003000+05:30,69,55.19,2026-05-09 12:29:04.998000+05:30
358,J1_KOLLUPITIYA,2026-05-09 12:29:04.997566+05:30,2026-05-09 12:29:10.003000+05:30,75,39.64,2026-05-09 12:29:04.997000+05:30
357,J4_BORELLA,2026-05-09 12:29:03.994969+05:30,2026-05-09 12:29:10.003000+05:30,77,36.14,2026-05-09 12:29:03.995000+05:30
371,J3_TOWN_HALL,2026-05-09 12:29:03.993794+05:30,2026-05-09 12:29:10.003000+05:30,14,20.30,2026-05-09 12:29:03.994000+05:30
344,J2_BAMBALAPITIYA,2026-05-09 12:29:03.992980+05:30,2026-05-09 12:29:10.003000+05:30,59,34.20,2026-05-09 12:29:03.993000+05:30
356,J1_KOLLUPITIYA,2026-05-09 12:29:03.992284+05:30,2026-05-09 12:29:10.003000+05:30,11,40.73,2026-05-09 12:29:03.992000+05:30
355,J4_BORELLA,2026-05-09 12:29:02.988942+05:30,2026-05-09 12:29:10.003000+05:30,51,53.89,2026-05-09 12:29:02.989000+05:30
370,J3_TOWN_HALL,2026-05-09 12:29:02.987322+05:30,2026-05-09 12:29:10.003000+05:30,11,48.59,2026-05-09 12:29:02.988000+05:30
343,J2_BAMBALAPITIYA,2026-05-09 12:29:02.984402+05:30,2026-05-09 12:29:10.003000+05:30,31,28.16,2026-05-09 12:29:02.985000+05:30
354,J1_KOLLUPITIYA,2026-05-09 12:29:02.983194+05:30,2026-05-09 12:29:10.003000+05:30,53,28.07,2026-05-09 12:29:02.984000+05:30
353,J4_BORELLA,2026-05-09 12:29:01.980423+05:30,2026-05-09 12:29:10.003000+05:30,10,31.60,2026-05-09 12:29:01.981000+05:30
369,J3_TOWN_HALL,2026-05-09 12:29:01.978009+05:30,2026-05-09 12:29:10.003000+05:30,131,6.38,2026-05-09 12:29:01.980000+05:30
342,J2_BAMBALAPITIYA,2026-05-09 12:29:01.976755+05:30,2026-05-09 12:29:10.003000+05:30,16,55.41,2026-05-09 12:29:01.977000+05:30
352,J1_KOLLUPITIYA,2026-05-09 12:29:01.975799+05:30,2026-05-09 12:29:10.003000+05:30,44,49.08,2026-05-09 12:29:01.976000+05:30
351,J4_BORELLA,2026-05-09 12:29:00.955983+05:30,2026-05-09 12:29:10.003000+05:30,17,39.17,2026-05-09 12:29:00.956000+05:30
368,J3_TOWN_HALL,2026-05-09 12:29:00.951936+05:30,2026-05-09 12:29:10.003000+05:30,70,21.10,2026-05-09 12:29:00.954000+05:30
341,J2_BAMBALAPITIYA,2026-05-09 12:29:00.948807+05:30,2026-05-09 12:29:10.003000+05:30,101,4.29,2026-05-09 12:29:00.951000+05:30
350,J1_KOLLUPITIYA,2026-05-09 12:29:00.947675+05:30,2026-05-09 12:29:10.003000+05:30,80,32.33,2026-05-09 12:29:00.948000+05:30
340,J4_BORELLA,2026-05-09 12:28:59.943887+05:30,2026-05-09 12:29:00.005000+05:30,79,16.91,2026-05-09 12:28:59.945000+05:30
310,J3_TOWN_HALL,2026-05-09 12:28:59.942734+05:30,2026-05-09 12:29:00.005000+05:30,65,25.20,2026-05-09 12:28:59.943000+05:30
337,J2_BAMBALAPITIYA,2026-05-09 12:28:59.941715+05:30,2026-05-09 12:29:00.005000+05:30,76,42.65,2026-05-09 12:28:59.942000+05:30
339,J1_KOLLUPITIYA,2026-05-09 12:28:59.940967+05:30,2026-05-09 12:29:00.005000+05:30,64,55.05,2026-05-09 12:28:59.941000+05:30
338,J4_BORELLA,2026-05-09 12:28:58.939380+05:30,2026-05-09 12:29:00.005000+05:30,57,17.61,2026-05-09 12:28:58.940000+05:30
309,J3_TOWN_HALL,2026-05-09 12:28:58.938536+05:30,2026-05-09 12:29:00.005000+05:30,33,58.95,2026-05-09 12:28:58.939000+05:30
336,J2_BAMBALAPITIYA,2026-05-09 12:28:58.937725+05:30,2026-05-09 12:29:00.005000+05:30,77,23.64,2026-05-09 12:28:58.938000+05:30
327,J1_KOLLUPITIYA,2026-05-09 12:28:58.937109+05:30,2026-05-09 12:29:00.005000+05:30,24,34.39,2026-05-09 12:28:58.937000+05:30
326,J4_BORELLA,2026-05-09 12:28:57.934843+05:30,2026-05-09 12:29:00.005000+05:30,61,20.29,2026-05-09 12:28:57.935000+05:30
308,J3_TOWN_HALL,2026-05-09 12:28:57.933141+05:30,2026-05-09 12:29:00.005000+05:30,124,9.63,2026-05-09 12:28:57.934000+05:30
335,J2_BAMBALAPITIYA,2026-05-09 12:28:57.931581+05:30,2026-05-09 12:29:00.005000+05:30,144,2.52,2026-05-09 12:28:57.932000+05:30
325,J1_KOLLUPITIYA,2026-05-09 12:28:57.931001+05:30,2026-05-09 12:29:00.005000+05:30,12,43.41,2026-05-09 12:28:57.931000+05:30
324,J4_BORELLA,2026-05-09 12:28:56.929007+05:30,2026-05-09 12:29:00.005000+05:30,47,43.73,2026-05-09 12:28:56.929000+05:30
307,J3_TOWN_HALL,2026-05-09 12:28:56.927805+05:30,2026-05-09 12:29:00.005000+05:30,67,46.05,2026-05-09 12:28:56.928000+05:30
334,J2_BAMBALAPITIYA,2026-05-09 12:28:56.927088+05:30,2026-05-09 12:29:00.005000+05:30,56,39.03,2026-05-09 12:28:56.927000+05:30
323,J1_KOLLUPITIYA,2026-05-09 12:28:56.926510+05:30,2026-05-09 12:29:00.005000+05:30,24,55.08,2026-05-09 12:28:56.926000+05:30
322,J4_BORELLA,2026-05-09 12:28:55.924879+05:30,2026-05-09 12:29:00.005000+05:30,71,48.61,2026-05-09 12:28:55.925000+05:30
306,J3_TOWN_HALL,2026-05-09 12:28:55.924373+05:30,2026-05-09 12:29:00.005000+05:30,49,19.47,2026-05-09 12:28:55.924000+05:30
333,J2_BAMBALAPITIYA,2026-05-09 12:28:55.923766+05:30,2026-05-09 12:29:00.005000+05:30,44,15.40,2026-05-09 12:28:55.924000+05:30
321,J1_KOLLUPITIYA,2026-05-09 12:28:55.923060+05:30,2026-05-09 12:29:00.005000+05:30,77,27.57,2026-05-09 12:28:55.923000+05:30
320,J4_BORELLA,2026-05-09 12:28:54.920246+05:30,2026-05-09 12:29:00.005000+05:30,28,33.28,2026-05-09 12:28:54.920000+05:30
305,J3_TOWN_HALL,2026-05-09 12:28:54.917311+05:30,2026-05-09 12:29:00.005000+05:30,128,4.72,2026-05-09 12:28:54.919000+05:30
332,J2_BAMBALAPITIYA,2026-05-09 12:28:54.916614+05:30,2026-05-09 12:29:00.005000+05:30,79,32.06,2026-05-09 12:28:54.917000+05:30
319,J1_KOLLUPITIYA,2026-05-09 12:28:54.915933+05:30,2026-05-09 12:29:00.005000+05:30,56,15.21,2026-05-09 12:28:54.916000+05:30
318,J4_BORELLA,2026-05-09 12:28:53.913995+05:30,2026-05-09 12:29:00.005000+05:30,10,33.99,2026-05-09 12:28:53.914000+05:30
304,J3_TOWN_HALL,2026-05-09 12:28:53.913462+05:30,2026-05-09 12:29:00.005000+05:30,34,34.22,2026-05-09 12:28:53.913000+05:30
331,J2_BAMBALAPITIYA,2026-05-09 12:28:53.912497+05:30,2026-05-09 12:29:00.005000+05:30,27,30.32,2026-05-09 12:28:53.913000+05:30
317,J1_KOLLUPITIYA,2026-05-09 12:28:53.911772+05:30,2026-05-09 12:29:00.005000+05:30,44,21.54,2026-05-09 12:28:53.912000+05:30
316,J4_BORELLA,2026-05-09 12:28:52.910269+05:30,2026-05-09 12:29:00.005000+05:30,37,55.99,2026-05-09 12:28:52.910000+05:30
303,J3_TOWN_HALL,2026-05-09 12:28:52.909821+05:30,2026-05-09 12:29:00.005000+05:30,42,46.09,2026-05-09 12:28:52.910000+05:30
330,J2_BAMBALAPITIYA,2026-05-09 12:28:52.908760+05:30,2026-05-09 12:29:00.005000+05:30,14,16.33,2026-05-09 12:28:52.909000+05:30
315,J1_KOLLUPITIYA,2026-05-09 12:28:52.908127+05:30,2026-05-09 12:29:00.005000+05:30,23,38.30,2026-05-09 12:28:52.908000+05:30
314,J4_BORELLA,2026-05-09 12:28:51.903292+05:30,2026-05-09 12:29:00.005000+05:30,20,48.72,2026-05-09 12:28:51.905000+05:30
302,J3_TOWN_HALL,2026-05-09 12:28:51.899716+05:30,2026-05-09 12:29:00.005000+05:30,77,24.04,2026-05-09 12:28:51.900000+05:30
329,J2_BAMBALAPITIYA,2026-05-09 12:28:51.898204+05:30,2026-05-09 12:29:00.005000+05:30,53,42.65,2026-05-09 12:28:51.899000+05:30
313,J1_KOLLUPITIYA,2026-05-09 12:28:51.897008+05:30,2026-05-09 12:29:00.005000+05:30,31,25.04,2026-05-09 12:28:51.897000+05:30
312,J4_BORELLA,2026-05-09 12:28:50.883413+05:30,2026-05-09 12:29:00.005000+05:30,16,54.82,2026-05-09 12:28:50.890000+05:30
301,J3_TOWN_HALL,2026-05-09 12:28:50.873241+05:30,2026-05-09 12:29:00.005000+05:30,12,49.38,2026-05-09 12:28:50.875000+05:30
328,J2_BAMBALAPITIYA,2026-05-09 12:28:50.871715+05:30,2026-05-09 12:29:00.005000+05:30,47,44.06,2026-05-09 12:28:50.872000+05:30
311,J1_KOLLUPITIYA,2026-05-09 12:28:50.867651+05:30,2026-05-09 12:29:00.005000+05:30,69,37.43,2026-05-09 12:28:50.871000+05:30
290,J4_BORELLA,2026-05-09 12:28:49.863508+05:30,2026-05-09 12:28:50.004000+05:30,58,53.83,2026-05-09 12:28:49.864000+05:30
300,J3_TOWN_HALL,2026-05-09 12:28:49.862577+05:30,2026-05-09 12:28:50.004000+05:30,80,43.02,2026-05-09 12:28:49.863000+05:30
270,J2_BAMBALAPITIYA,2026-05-09 12:28:49.860937+05:30,2026-05-09 12:28:50.004000+05:30,139,9.18,2026-05-09 12:28:49.862000+05:30
289,J1_KOLLUPITIYA,2026-05-09 12:28:49.860345+05:30,2026-05-09 12:28:50.004000+05:30,59,56.35,2026-05-09 12:28:49.860000+05:30
288,J4_BORELLA,2026-05-09 12:28:48.858238+05:30,2026-05-09 12:28:50.004000+05:30,28,24.79,2026-05-09 12:28:48.859000+05:30
299,J3_TOWN_HALL,2026-05-09 12:28:48.856699+05:30,2026-05-09 12:28:50.004000+05:30,64,41.36,2026-05-09 12:28:48.857000+05:30
269,J2_BAMBALAPITIYA,2026-05-09 12:28:48.854053+05:30,2026-05-09 12:28:50.004000+05:30,78,23.61,2026-05-09 12:28:48.855000+05:30
287,J1_KOLLUPITIYA,2026-05-09 12:28:48.852734+05:30,2026-05-09 12:28:50.004000+05:30,41,22.12,2026-05-09 12:28:48.853000+05:30
286,J4_BORELLA,2026-05-09 12:28:47.849254+05:30,2026-05-09 12:28:50.004000+05:30,50,41.99,2026-05-09 12:28:47.849000+05:30
298,J3_TOWN_HALL,2026-05-09 12:28:47.846769+05:30,2026-05-09 12:28:50.004000+05:30,114,7.00,2026-05-09 12:28:47.849000+05:30
268,J2_BAMBALAPITIYA,2026-05-09 12:28:47.845631+05:30,2026-05-09 12:28:50.004000+05:30,66,45.01,2026-05-09 12:28:47.846000+05:30
285,J1_KOLLUPITIYA,2026-05-09 12:28:47.844830+05:30,2026-05-09 12:28:50.004000+05:30,45,54.00,2026-05-09 12:28:47.845000+05:30
284,J4_BORELLA,2026-05-09 12:28:46.843225+05:30,2026-05-09 12:28:50.004000+05:30,26,48.10,2026-05-09 12:28:46.843000+05:30
297,J3_TOWN_HALL,2026-05-09 12:28:46.842079+05:30,2026-05-09 12:28:50.004000+05:30,18,18.96,2026-05-09 12:28:46.842000+05:30
267,J2_BAMBALAPITIYA,2026-05-09 12:28:46.840947+05:30,2026-05-09 12:28:50.004000+05:30,22,47.55,2026-05-09 12:28:46.841000+05:30
283,J1_KOLLUPITIYA,2026-05-09 12:28:46.840176+05:30,2026-05-09 12:28:50.004000+05:30,16,46.50,2026-05-09 12:28:46.840000+05:30
282,J4_BORELLA,2026-05-09 12:28:45.837623+05:30,2026-05-09 12:28:50.004000+05:30,47,21.81,2026-05-09 12:28:45.838000+05:30
296,J3_TOWN_HALL,2026-05-09 12:28:45.836775+05:30,2026-05-09 12:28:50.004000+05:30,53,38.90,2026-05-09 12:28:45.837000+05:30
266,J2_BAMBALAPITIYA,2026-05-09 12:28:45.834010+05:30,2026-05-09 12:28:50.004000+05:30,123,8.98,2026-05-09 12:28:45.836000+05:30
281,J1_KOLLUPITIYA,2026-05-09 12:28:45.833351+05:30,2026-05-09 12:28:50.004000+05:30,49,16.65,2026-05-09 12:28:45.833000+05:30
280,J4_BORELLA,2026-05-09 12:28:44.830651+05:30,2026-05-09 12:28:50.004000+05:30,30,22.81,2026-05-09 12:28:44.831000+05:30
295,J3_TOWN_HALL,2026-05-09 12:28:44.828724+05:30,2026-05-09 12:28:50.004000+05:30,116,2.44,2026-05-09 12:28:44.830000+05:30
265,J2_BAMBALAPITIYA,2026-05-09 12:28:44.827351+05:30,2026-05-09 12:28:50.004000+05:30,66,53.81,2026-05-09 12:28:44.827000+05:30
279,J1_KOLLUPITIYA,2026-05-09 12:28:44.826684+05:30,2026-05-09 12:28:50.004000+05:30,51,51.74,2026-05-09 12:28:44.827000+05:30
278,J4_BORELLA,2026-05-09 12:28:43.824407+05:30,2026-05-09 12:28:50.004000+05:30,42,37.31,2026-05-09 12:28:43.824000+05:30
294,J3_TOWN_HALL,2026-05-09 12:28:43.823529+05:30,2026-05-09 12:28:50.004000+05:30,25,17.70,2026-05-09 12:28:43.824000+05:30
264,J2_BAMBALAPITIYA,2026-05-09 12:28:43.822862+05:30,2026-05-09 12:28:50.004000+05:30,40,21.21,2026-05-09 12:28:43.823000+05:30
277,J1_KOLLUPITIYA,2026-05-09 12:28:43.822274+05:30,2026-05-09 12:28:50.004000+05:30,30,36.09,2026-05-09 12:28:43.822000+05:30
276,J4_BORELLA,2026-05-09 12:28:42.820272+05:30,2026-05-09 12:28:50.004000+05:30,34,30.59,2026-05-09 12:28:42.820000+05:30
293,J3_TOWN_HALL,2026-05-09 12:28:42.819125+05:30,2026-05-09 12:28:50.004000+05:30,59,52.36,2026-05-09 12:28:42.820000+05:30
263,J2_BAMBALAPITIYA,2026-05-09 12:28:42.817723+05:30,2026-05-09 12:28:50.004000+05:30,62,20.40,2026-05-09 12:28:42.818000+05:30
275,J1_KOLLUPITIYA,2026-05-09 12:28:42.816930+05:30,2026-05-09 12:28:50.004000+05:30,50,53.89,2026-05-09 12:28:42.817000+05:30
274,J4_BORELLA,2026-05-09 12:28:41.814493+05:30,2026-05-09 12:28:50.004000+05:30,44,38.51,2026-05-09 12:28:41.815000+05:30
292,J3_TOWN_HALL,2026-05-09 12:28:41.813281+05:30,2026-05-09 12:28:50.004000+05:30,55,29.42,2026-05-09 12:28:41.813000+05:30
262,J2_BAMBALAPITIYA,2026-05-09 12:28:41.812068+05:30,2026-05-09 12:28:50.004000+05:30,80,35.02,2026-05-09 12:28:41.812000+05:30
273,J1_KOLLUPITIYA,2026-05-09 12:28:41.811438+05:30,2026-05-09 12:28:50.004000+05:30,24,54.95,2026-05-09 12:28:41.811000+05:30
272,J4_BORELLA,2026-05-09 12:28:40.810080+05:30,2026-05-09 12:28:50.004000+05:30,24,45.40,2026-05-09 12:28:40.810000+05:30
291,J3_TOWN_HALL,2026-05-09 12:28:40.808945+05:30,2026-05-09 12:28:50.004000+05:30,70,35.90,2026-05-09 12:28:40.809000+05:30
261,J2_BAMBALAPITIYA,2026-05-09 12:28:40.807524+05:30,2026-05-09 12:28:50.004000+05:30,47,24.47,2026-05-09 12:28:40.808000+05:30
271,J1_KOLLUPITIYA,2026-05-09 12:28:40.806802+05:30,2026-05-09 12:28:50.004000+05:30,30,20.83,2026-05-09 12:28:40.807000+05:30
250,J4_BORELLA,2026-05-09 12:28:39.805436+05:30,2026-05-09 12:28:40.005000+05:30,69,31.85,2026-05-09 12:28:39.805000+05:30
247,J3_TOWN_HALL,2026-05-09 12:28:39.804692+05:30,2026-05-09 12:28:40.005000+05:30,48,22.01,2026-05-09 12:28:39.805000+05:30
260,J2_BAMBALAPITIYA,2026-05-09 12:28:39.803898+05:30,2026-05-09 12:28:40.005000+05:30,78,23.34,2026-05-09 12:28:39.804000+05:30
249,J1_KOLLUPITIYA,2026-05-09 12:28:39.803269+05:30,2026-05-09 12:28:40.005000+05:30,63,34.11,2026-05-09 12:28:39.803000+05:30
248,J4_BORELLA,2026-05-09 12:28:38.801352+05:30,2026-05-09 12:28:40.005000+05:30,48,30.49,2026-05-09 12:28:38.801000+05:30
245,J3_TOWN_HALL,2026-05-09 12:28:38.800555+05:30,2026-05-09 12:28:40.005000+05:30,55,57.25,2026-05-09 12:28:38.801000+05:30
259,J2_BAMBALAPITIYA,2026-05-09 12:28:38.799933+05:30,2026-05-09 12:28:40.005000+05:30,29,59.71,2026-05-09 12:28:38.800000+05:30
246,J1_KOLLUPITIYA,2026-05-09 12:28:38.799358+05:30,2026-05-09 12:28:40.005000+05:30,29,22.14,2026-05-09 12:28:38.799000+05:30
244,J4_BORELLA,2026-05-09 12:28:37.797478+05:30,2026-05-09 12:28:40.005000+05:30,49,45.32,2026-05-09 12:28:37.798000+05:30
241,J3_TOWN_HALL,2026-05-09 12:28:37.796689+05:30,2026-05-09 12:28:40.005000+05:30,40,47.12,2026-05-09 12:28:37.797000+05:30
258,J2_BAMBALAPITIYA,2026-05-09 12:28:37.795971+05:30,2026-05-09 12:28:40.005000+05:30,20,50.03,2026-05-09 12:28:37.796000+05:30
243,J1_KOLLUPITIYA,2026-05-09 12:28:37.795484+05:30,2026-05-09 12:28:40.005000+05:30,17,47.81,2026-05-09 12:28:37.795000+05:30
242,J4_BORELLA,2026-05-09 12:28:36.792792+05:30,2026-05-09 12:28:40.005000+05:30,116,9.54,2026-05-09 12:28:36.794000+05:30
237,J3_TOWN_HALL,2026-05-09 12:28:36.791707+05:30,2026-05-09 12:28:40.005000+05:30,27,54.45,2026-05-09 12:28:36.792000+05:30
257,J2_BAMBALAPITIYA,2026-05-09 12:28:36.790995+05:30,2026-05-09 12:28:40.005000+05:30,52,17.63,2026-05-09 12:28:36.791000+05:30
240,J1_KOLLUPITIYA,2026-05-09 12:28:36.790368+05:30,2026-05-09 12:28:40.005000+05:30,61,57.79,2026-05-09 12:28:36.790000+05:30
239,J4_BORELLA,2026-05-09 12:28:35.788507+05:30,2026-05-09 12:28:40.005000+05:30,55,34.05,2026-05-09 12:28:35.789000+05:30
234,J3_TOWN_HALL,2026-05-09 12:28:35.786485+05:30,2026-05-09 12:28:40.005000+05:30,79,56.97,2026-05-09 12:28:35.788000+05:30
256,J2_BAMBALAPITIYA,2026-05-09 12:28:35.785258+05:30,2026-05-09 12:28:40.005000+05:30,57,21.45,2026-05-09 12:28:35.786000+05:30
238,J1_KOLLUPITIYA,2026-05-09 12:28:35.784414+05:30,2026-05-09 12:28:40.005000+05:30,65,16.73,2026-05-09 12:28:35.784000+05:30
236,J4_BORELLA,2026-05-09 12:28:34.780107+05:30,2026-05-09 12:28:40.005000+05:30,30,38.02,2026-05-09 12:28:34.780000+05:30
231,J3_TOWN_HALL,2026-05-09 12:28:34.778915+05:30,2026-05-09 12:28:40.005000+05:30,20,51.03,2026-05-09 12:28:34.779000+05:30
255,J2_BAMBALAPITIYA,2026-05-09 12:28:34.778103+05:30,2026-05-09 12:28:40.005000+05:30,16,37.21,2026-05-09 12:28:34.778000+05:30
235,J1_KOLLUPITIYA,2026-05-09 12:28:34.777603+05:30,2026-05-09 12:28:40.005000+05:30,42,56.10,2026-05-09 12:28:34.777000+05:30
233,J4_BORELLA,2026-05-09 12:28:33.775962+05:30,2026-05-09 12:28:40.005000+05:30,45,47.20,2026-05-09 12:28:33.776000+05:30
227,J3_TOWN_HALL,2026-05-09 12:28:33.774609+05:30,2026-05-09 12:28:40.005000+05:30,35,47.49,2026-05-09 12:28:33.775000+05:30
254,J2_BAMBALAPITIYA,2026-05-09 12:28:33.773814+05:30,2026-05-09 12:28:40.005000+05:30,46,58.11,2026-05-09 12:28:33.774000+05:30
232,J1_KOLLUPITIYA,2026-05-09 12:28:33.773264+05:30,2026-05-09 12:28:40.005000+05:30,55,48.32,2026-05-09 12:28:33.773000+05:30
230,J4_BORELLA,2026-05-09 12:28:32.771373+05:30,2026-05-09 12:28:40.005000+05:30,31,37.27,2026-05-09 12:28:32.772000+05:30
225,J3_TOWN_HALL,2026-05-09 12:28:32.770687+05:30,2026-05-09 12:28:40.005000+05:30,53,15.07,2026-05-09 12:28:32.771000+05:30
253,J2_BAMBALAPITIYA,2026-05-09 12:28:32.770225+05:30,2026-05-09 12:28:40.005000+05:30,52,54.30,2026-05-09 12:28:32.770000+05:30
229,J1_KOLLUPITIYA,2026-05-09 12:28:32.769597+05:30,2026-05-09 12:28:40.005000+05:30,35,28.22,2026-05-09 12:28:32.770000+05:30
228,J4_BORELLA,2026-05-09 12:28:31.766518+05:30,2026-05-09 12:28:40.005000+05:30,75,37.89,2026-05-09 12:28:31.767000+05:30
223,J3_TOWN_HALL,2026-05-09 12:28:31.765417+05:30,2026-05-09 12:28:40.005000+05:30,10,51.79,2026-05-09 12:28:31.765000+05:30
252,J2_BAMBALAPITIYA,2026-05-09 12:28:31.764146+05:30,2026-05-09 12:28:40.005000+05:30,64,47.18,2026-05-09 12:28:31.764000+05:30
226,J1_KOLLUPITIYA,2026-05-09 12:28:31.763365+05:30,2026-05-09 12:28:40.005000+05:30,24,37.37,2026-05-09 12:28:31.763000+05:30
224,J4_BORELLA,2026-05-09 12:28:30.762352+05:30,2026-05-09 12:28:40.005000+05:30,34,59.66,2026-05-09 12:28:30.762000+05:30
221,J3_TOWN_HALL,2026-05-09 12:28:30.761434+05:30,2026-05-09 12:28:40.005000+05:30,54,44.11,2026-05-09 12:28:30.762000+05:30
251,J2_BAMBALAPITIYA,2026-05-09 12:28:30.760917+05:30,2026-05-09 12:28:40.005000+05:30,62,26.14,2026-05-09 12:28:30.761000+05:30
222,J1_KOLLUPITIYA,2026-05-09 12:28:30.760403+05:30,2026-05-09 12:28:40.005000+05:30,10,19.57,2026-05-09 12:28:30.760000+05:30
214,J4_BORELLA,2026-05-09 12:28:29.758032+05:30,2026-05-09 12:28:30.004000+05:30,60,49.54,2026-05-09 12:28:29.758000+05:30
220,J3_TOWN_HALL,2026-05-09 12:28:29.757089+05:30,2026-05-09 12:28:30.004000+05:30,51,28.10,2026-05-09 12:28:29.757000+05:30
190,J2_BAMBALAPITIYA,2026-05-09 12:28:29.756519+05:30,2026-05-09 12:28:30.004000+05:30,57,26.12,2026-05-09 12:28:29.756000+05:30
213,J1_KOLLUPITIYA,2026-05-09 12:28:29.755903+05:30,2026-05-09 12:28:30.004000+05:30,36,37.96,2026-05-09 12:28:29.756000+05:30
211,J4_BORELLA,2026-05-09 12:28:28.753948+05:30,2026-05-09 12:28:30.004000+05:30,50,24.41,2026-05-09 12:28:28.754000+05:30
219,J3_TOWN_HALL,2026-05-09 12:28:28.752402+05:30,2026-05-09 12:28:30.004000+05:30,71,35.88,2026-05-09 12:28:28.753000+05:30
189,J2_BAMBALAPITIYA,2026-05-09 12:28:28.751678+05:30,2026-05-09 12:28:30.004000+05:30,12,38.72,2026-05-09 12:28:28.752000+05:30
210,J1_KOLLUPITIYA,2026-05-09 12:28:28.751075+05:30,2026-05-09 12:28:30.004000+05:30,22,52.82,2026-05-09 12:28:28.751000+05:30
208,J4_BORELLA,2026-05-09 12:28:27.749352+05:30,2026-05-09 12:28:30.004000+05:30,64,57.69,2026-05-09 12:28:27.750000+05:30
218,J3_TOWN_HALL,2026-05-09 12:28:27.747857+05:30,2026-05-09 12:28:30.004000+05:30,64,52.48,2026-05-09 12:28:27.749000+05:30
188,J2_BAMBALAPITIYA,2026-05-09 12:28:27.746376+05:30,2026-05-09 12:28:30.004000+05:30,14,24.59,2026-05-09 12:28:27.747000+05:30
207,J1_KOLLUPITIYA,2026-05-09 12:28:27.745611+05:30,2026-05-09 12:28:30.004000+05:30,24,34.00,2026-05-09 12:28:27.746000+05:30
206,J4_BORELLA,2026-05-09 12:28:26.744155+05:30,2026-05-09 12:28:30.004000+05:30,23,32.95,2026-05-09 12:28:26.744000+05:30
217,J3_TOWN_HALL,2026-05-09 12:28:26.743248+05:30,2026-05-09 12:28:30.004000+05:30,28,27.62,2026-05-09 12:28:26.744000+05:30
187,J2_BAMBALAPITIYA,2026-05-09 12:28:26.742078+05:30,2026-05-09 12:28:30.004000+05:30,20,58.68,2026-05-09 12:28:26.743000+05:30
204,J1_KOLLUPITIYA,2026-05-09 12:28:26.741461+05:30,2026-05-09 12:28:30.004000+05:30,11,16.48,2026-05-09 12:28:26.741000+05:30
203,J4_BORELLA,2026-05-09 12:28:25.739555+05:30,2026-05-09 12:28:30.004000+05:30,75,47.51,2026-05-09 12:28:25.740000+05:30
216,J3_TOWN_HALL,2026-05-09 12:28:25.738848+05:30,2026-05-09 12:28:30.004000+05:30,45,57.25,2026-05-09 12:28:25.739000+05:30
186,J2_BAMBALAPITIYA,2026-05-09 12:28:25.738236+05:30,2026-05-09 12:28:30.004000+05:30,11,57.00,2026-05-09 12:28:25.738000+05:30
202,J1_KOLLUPITIYA,2026-05-09 12:28:25.737348+05:30,2026-05-09 12:28:30.004000+05:30,51,32.74,2026-05-09 12:28:25.737000+05:30
201,J4_BORELLA,2026-05-09 12:28:24.735553+05:30,2026-05-09 12:28:30.004000+05:30,40,26.70,2026-05-09 12:28:24.735000+05:30
215,J3_TOWN_HALL,2026-05-09 12:28:24.734231+05:30,2026-05-09 12:28:30.004000+05:30,46,34.72,2026-05-09 12:28:24.734000+05:30
185,J2_BAMBALAPITIYA,2026-05-09 12:28:24.733125+05:30,2026-05-09 12:28:30.004000+05:30,57,55.51,2026-05-09 12:28:24.733000+05:30
200,J1_KOLLUPITIYA,2026-05-09 12:28:24.731831+05:30,2026-05-09 12:28:30.004000+05:30,41,34.56,2026-05-09 12:28:24.732000+05:30
199,J4_BORELLA,2026-05-09 12:28:23.729590+05:30,2026-05-09 12:28:30.004000+05:30,52,21.48,2026-05-09 12:28:23.730000+05:30
212,J3_TOWN_HALL,2026-05-09 12:28:23.728333+05:30,2026-05-09 12:28:30.004000+05:30,66,53.18,2026-05-09 12:28:23.729000+05:30
184,J2_BAMBALAPITIYA,2026-05-09 12:28:23.727341+05:30,2026-05-09 12:28:30.004000+05:30,25,43.76,2026-05-09 12:28:23.728000+05:30
198,J1_KOLLUPITIYA,2026-05-09 12:28:23.726681+05:30,2026-05-09 12:28:30.004000+05:30,37,32.92,2026-05-09 12:28:23.727000+05:30
197,J4_BORELLA,2026-05-09 12:28:22.723226+05:30,2026-05-09 12:28:30.004000+05:30,44,18.26,2026-05-09 12:28:22.723000+05:30
209,J3_TOWN_HALL,2026-05-09 12:28:22.721206+05:30,2026-05-09 12:28:30.004000+05:30,35,38.72,2026-05-09 12:28:22.722000+05:30
183,J2_BAMBALAPITIYA,2026-05-09 12:28:22.719279+05:30,2026-05-09 12:28:30.004000+05:30,50,18.00,2026-05-09 12:28:22.720000+05:30
196,J1_KOLLUPITIYA,2026-05-09 12:28:22.718550+05:30,2026-05-09 12:28:30.004000+05:30,16,56.67,2026-05-09 12:28:22.719000+05:30
195,J4_BORELLA,2026-05-09 12:28:21.716587+05:30,2026-05-09 12:28:30.004000+05:30,38,24.23,2026-05-09 12:28:21.717000+05:30
205,J3_TOWN_HALL,2026-05-09 12:28:21.715144+05:30,2026-05-09 12:28:30.004000+05:30,55,44.86,2026-05-09 12:28:21.716000+05:30
182,J2_BAMBALAPITIYA,2026-05-09 12:28:21.713738+05:30,2026-05-09 12:28:30.004000+05:30,71,24.98,2026-05-09 12:28:21.714000+05:30
194,J1_KOLLUPITIYA,2026-05-09 12:28:21.712946+05:30,2026-05-09 12:28:30.004000+05:30,33,24.10,2026-05-09 12:28:21.713000+05:30
192,J4_BORELLA,2026-05-09 12:28:20.710481+05:30,2026-05-09 12:28:30.004000+05:30,75,52.46,2026-05-09 12:28:20.710000+05:30
193,J3_TOWN_HALL,2026-05-09 12:28:20.708920+05:30,2026-05-09 12:28:30.004000+05:30,69,49.03,2026-05-09 12:28:20.709000+05:30
181,J2_BAMBALAPITIYA,2026-05-09 12:28:20.706714+05:30,2026-05-09 12:28:30.004000+05:30,41,49.14,2026-05-09 12:28:20.707000+05:30
191,J1_KOLLUPITIYA,2026-05-09 12:28:20.705982+05:30,2026-05-09 12:28:30.004000+05:30,15,58.80,2026-05-09 12:28:20.706000+05:30
174,J4_BORELLA,2026-05-09 12:28:19.702644+05:30,2026-05-09 12:28:20.004000+05:30,132,8.95,2026-05-09 12:28:19.704000+05:30
180,J3_TOWN_HALL,2026-05-09 12:28:19.701321+05:30,2026-05-09 12:28:20.004000+05:30,17,57.55,2026-05-09 12:28:19.702000+05:30
176,J2_BAMBALAPITIYA,2026-05-09 12:28:19.700213+05:30,2026-05-09 12:28:20.004000+05:30,24,41.22,2026-05-09 12:28:19.701000+05:30
173,J1_KOLLUPITIYA,2026-05-09 12:28:19.699602+05:30,2026-05-09 12:28:20.004000+05:30,49,39.45,2026-05-09 12:28:19.699000+05:30
172,J4_BORELLA,2026-05-09 12:28:18.698842+05:30,2026-05-09 12:28:20.004000+05:30,26,22.53,2026-05-09 12:28:18.699000+05:30
179,J3_TOWN_HALL,2026-05-09 12:28:18.697571+05:30,2026-05-09 12:28:20.004000+05:30,53,42.43,2026-05-09 12:28:18.698000+05:30
175,J2_BAMBALAPITIYA,2026-05-09 12:28:18.696801+05:30,2026-05-09 12:28:20.004000+05:30,74,51.63,2026-05-09 12:28:18.697000+05:30
171,J1_KOLLUPITIYA,2026-05-09 12:28:18.696028+05:30,2026-05-09 12:28:20.004000+05:30,64,48.22,2026-05-09 12:28:18.696000+05:30
170,J4_BORELLA,2026-05-09 12:28:17.684370+05:30,2026-05-09 12:28:20.004000+05:30,73,24.91,2026-05-09 12:28:17.685000+05:30
178,J3_TOWN_HALL,2026-05-09 12:28:17.682515+05:30,2026-05-09 12:28:20.004000+05:30,55,26.67,2026-05-09 12:28:17.683000+05:30
168,J2_BAMBALAPITIYA,2026-05-09 12:28:17.680517+05:30,2026-05-09 12:28:20.004000+05:30,44,18.11,2026-05-09 12:28:17.681000+05:30
169,J1_KOLLUPITIYA,2026-05-09 12:28:17.679687+05:30,2026-05-09 12:28:20.004000+05:30,22,46.01,2026-05-09 12:28:17.680000+05:30
167,J4_BORELLA,2026-05-09 12:28:16.672114+05:30,2026-05-09 12:28:20.004000+05:30,17,31.08,2026-05-09 12:28:16.675000+05:30
177,J3_TOWN_HALL,2026-05-09 12:28:16.668729+05:30,2026-05-09 12:28:20.004000+05:30,46,34.51,2026-05-09 12:28:16.669000+05:30
120,J2_BAMBALAPITIYA,2026-05-09 12:28:16.666697+05:30,2026-05-09 12:28:16.691000+05:30,59,34.70,2026-05-09 12:28:16.667000+05:30
165,J1_KOLLUPITIYA,2026-05-09 12:28:16.665789+05:30,2026-05-09 12:28:16.691000+05:30,74,33.40,2026-05-09 12:28:16.666000+05:30
163,J4_BORELLA,2026-05-09 12:28:15.663644+05:30,2026-05-09 12:28:16.691000+05:30,66,44.66,2026-05-09 12:28:15.664000+05:30
166,J3_TOWN_HALL,2026-05-09 12:28:15.662670+05:30,2026-05-09 12:28:16.691000+05:30,79,38.10,2026-05-09 12:28:15.663000+05:30
119,J2_BAMBALAPITIYA,2026-05-09 12:28:15.661669+05:30,2026-05-09 12:28:16.691000+05:30,55,17.88,2026-05-09 12:28:15.662000+05:30
162,J1_KOLLUPITIYA,2026-05-09 12:28:15.661004+05:30,2026-05-09 12:28:16.691000+05:30,25,34.09,2026-05-09 12:28:15.661000+05:30
160,J4_BORELLA,2026-05-09 12:28:14.644980+05:30,2026-05-09 12:28:16.691000+05:30,93,6.69,2026-05-09 12:28:14.651000+05:30
164,J3_TOWN_HALL,2026-05-09 12:28:14.641324+05:30,2026-05-09 12:28:16.691000+05:30,74,45.53,2026-05-09 12:28:14.644000+05:30
118,J2_BAMBALAPITIYA,2026-05-09 12:28:14.633662+05:30,2026-05-09 12:28:16.691000+05:30,60,43.14,2026-05-09 12:28:14.639000+05:30
153,J1_KOLLUPITIYA,2026-05-09 12:28:14.632075+05:30,2026-05-09 12:28:16.691000+05:30,69,53.91,2026-05-09 12:28:14.633000+05:30
151,J4_BORELLA,2026-05-09 12:28:13.626517+05:30,2026-05-09 12:28:16.691000+05:30,36,43.64,2026-05-09 12:28:13.629000+05:30
161,J3_TOWN_HALL,2026-05-09 12:28:13.624603+05:30,2026-05-09 12:28:16.691000+05:30,69,36.31,2026-05-09 12:28:13.626000+05:30
117,J2_BAMBALAPITIYA,2026-05-09 12:28:13.623278+05:30,2026-05-09 12:28:16.691000+05:30,71,51.01,2026-05-09 12:28:13.624000+05:30
145,J1_KOLLUPITIYA,2026-05-09 12:28:13.618772+05:30,2026-05-09 12:28:16.691000+05:30,48,35.64,2026-05-09 12:28:13.622000+05:30
144,J4_BORELLA,2026-05-09 12:28:12.597661+05:30,2026-05-09 12:28:16.691000+05:30,48,42.37,2026-05-09 12:28:12.601000+05:30
159,J3_TOWN_HALL,2026-05-09 12:28:12.591570+05:30,2026-05-09 12:28:16.691000+05:30,45,19.47,2026-05-09 12:28:12.597000+05:30
116,J2_BAMBALAPITIYA,2026-05-09 12:28:12.585299+05:30,2026-05-09 12:28:16.691000+05:30,17,45.25,2026-05-09 12:28:12.589000+05:30
143,J1_KOLLUPITIYA,2026-05-09 12:28:12.582864+05:30,2026-05-09 12:28:16.691000+05:30,68,22.30,2026-05-09 12:28:12.585000+05:30
142,J4_BORELLA,2026-05-09 12:28:11.577985+05:30,2026-05-09 12:28:16.691000+05:30,28,28.81,2026-05-09 12:28:11.579000+05:30
158,J3_TOWN_HALL,2026-05-09 12:28:11.576698+05:30,2026-05-09 12:28:16.691000+05:30,79,39.06,2026-05-09 12:28:11.577000+05:30
115,J2_BAMBALAPITIYA,2026-05-09 12:28:11.575479+05:30,2026-05-09 12:28:16.691000+05:30,16,31.65,2026-05-09 12:28:11.576000+05:30
141,J1_KOLLUPITIYA,2026-05-09 12:28:11.574546+05:30,2026-05-09 12:28:16.691000+05:30,10,48.15,2026-05-09 12:28:11.575000+05:30
140,J4_BORELLA,2026-05-09 12:28:10.558711+05:30,2026-05-09 12:28:16.691000+05:30,45,15.10,2026-05-09 12:28:10.568000+05:30
157,J3_TOWN_HALL,2026-05-09 12:28:10.555380+05:30,2026-05-09 12:28:16.691000+05:30,70,31.45,2026-05-09 12:28:10.557000+05:30
114,J2_BAMBALAPITIYA,2026-05-09 12:28:10.553964+05:30,2026-05-09 12:28:16.691000+05:30,68,32.21,2026-05-09 12:28:10.555000+05:30
139,J1_KOLLUPITIYA,2026-05-09 12:28:10.550533+05:30,2026-05-09 12:28:16.691000+05:30,127,3.70,2026-05-09 12:28:10.552000+05:30
138,J4_BORELLA,2026-05-09 12:28:09.547551+05:30,2026-05-09 12:28:16.691000+05:30,65,48.17,2026-05-09 12:28:09.548000+05:30
156,J3_TOWN_HALL,2026-05-09 12:28:09.545997+05:30,2026-05-09 12:28:16.691000+05:30,36,29.05,2026-05-09 12:28:09.546000+05:30
113,J2_BAMBALAPITIYA,2026-05-09 12:28:09.543554+05:30,2026-05-09 12:28:16.691000+05:30,61,55.65,2026-05-09 12:28:09.545000+05:30
137,J1_KOLLUPITIYA,2026-05-09 12:28:09.542388+05:30,2026-05-09 12:28:16.691000+05:30,56,23.89,2026-05-09 12:28:09.543000+05:30
136,J4_BORELLA,2026-05-09 12:28:08.538724+05:30,2026-05-09 12:28:16.691000+05:30,64,47.43,2026-05-09 12:28:08.540000+05:30
155,J3_TOWN_HALL,2026-05-09 12:28:08.531978+05:30,2026-05-09 12:28:16.691000+05:30,12,31.79,2026-05-09 12:28:08.538000+05:30
112,J2_BAMBALAPITIYA,2026-05-09 12:28:08.531309+05:30,2026-05-09 12:28:16.691000+05:30,10,45.40,2026-05-09 12:28:08.531000+05:30
135,J1_KOLLUPITIYA,2026-05-09 12:28:08.530387+05:30,2026-05-09 12:28:16.691000+05:30,35,31.09,2026-05-09 12:28:08.531000+05:30
134,J4_BORELLA,2026-05-09 12:28:07.522501+05:30,2026-05-09 12:28:16.691000+05:30,18,33.56,2026-05-09 12:28:07.528000+05:30
154,J3_TOWN_HALL,2026-05-09 12:28:07.512022+05:30,2026-05-09 12:28:16.691000+05:30,103,9.88,2026-05-09 12:28:07.519000+05:30
111,J2_BAMBALAPITIYA,2026-05-09 12:28:07.510513+05:30,2026-05-09 12:28:16.691000+05:30,32,49.29,2026-05-09 12:28:07.511000+05:30
133,J1_KOLLUPITIYA,2026-05-09 12:28:07.509243+05:30,2026-05-09 12:28:16.691000+05:30,15,27.27,2026-05-09 12:28:07.510000+05:30
132,J4_BORELLA,2026-05-09 12:28:06.505985+05:30,2026-05-09 12:28:16.691000+05:30,59,37.12,2026-05-09 12:28:06.508000+05:30
152,J3_TOWN_HALL,2026-05-09 12:28:06.502179+05:30,2026-05-09 12:28:16.691000+05:30,45,38.81,2026-05-09 12:28:06.503000+05:30
110,J2_BAMBALAPITIYA,2026-05-09 12:28:06.500261+05:30,2026-05-09 12:28:16.691000+05:30,75,41.50,2026-05-09 12:28:06.501000+05:30
131,J1_KOLLUPITIYA,2026-05-09 12:28:06.499359+05:30,2026-05-09 12:28:16.691000+05:30,61,46.26,2026-05-09 12:28:06.499000+05:30
130,J4_BORELLA,2026-05-09 12:28:05.491451+05:30,2026-05-09 12:28:16.691000+05:30,63,27.48,2026-05-09 12:28:05.495000+05:30
150,J3_TOWN_HALL,2026-05-09 12:28:05.488793+05:30,2026-05-09 12:28:16.691000+05:30,53,29.98,2026-05-09 12:28:05.490000+05:30
109,J2_BAMBALAPITIYA,2026-05-09 12:28:05.484369+05:30,2026-05-09 12:28:16.691000+05:30,146,8.82,2026-05-09 12:28:05.486000+05:30
129,J1_KOLLUPITIYA,2026-05-09 12:28:05.483237+05:30,2026-05-09 12:28:16.691000+05:30,14,23.21,2026-05-09 12:28:05.483000+05:30
128,J4_BORELLA,2026-05-09 12:28:04.480593+05:30,2026-05-09 12:28:16.691000+05:30,71,34.46,2026-05-09 12:28:04.481000+05:30
149,J3_TOWN_HALL,2026-05-09 12:28:04.479241+05:30,2026-05-09 12:28:16.691000+05:30,11,19.20,2026-05-09 12:28:04.480000+05:30
108,J2_BAMBALAPITIYA,2026-05-09 12:28:04.477807+05:30,2026-05-09 12:28:16.691000+05:30,27,28.93,2026-05-09 12:28:04.478000+05:30
127,J1_KOLLUPITIYA,2026-05-09 12:28:04.476763+05:30,2026-05-09 12:28:16.691000+05:30,54,42.24,2026-05-09 12:28:04.477000+05:30
126,J4_BORELLA,2026-05-09 12:28:03.475065+05:30,2026-05-09 12:28:16.691000+05:30,13,54.63,2026-05-09 12:28:03.475000+05:30
148,J3_TOWN_HALL,2026-05-09 12:28:03.473539+05:30,2026-05-09 12:28:16.691000+05:30,52,58.14,2026-05-09 12:28:03.474000+05:30
107,J2_BAMBALAPITIYA,2026-05-09 12:28:03.470336+05:30,2026-05-09 12:28:16.691000+05:30,112,8.63,2026-05-09 12:28:03.473000+05:30
125,J1_KOLLUPITIYA,2026-05-09 12:28:03.468591+05:30,2026-05-09 12:28:16.691000+05:30,47,49.25,2026-05-09 12:28:03.469000+05:30
124,J4_BORELLA,2026-05-09 12:28:02.458612+05:30,2026-05-09 12:28:16.691000+05:30,71,51.28,2026-05-09 12:28:02.461000+05:30
147,J3_TOWN_HALL,2026-05-09 12:28:02.449675+05:30,2026-05-09 12:28:16.691000+05:30,104,8.02,2026-05-09 12:28:02.457000+05:30
106,J2_BAMBALAPITIYA,2026-05-09 12:28:02.443030+05:30,2026-05-09 12:28:16.691000+05:30,27,48.40,2026-05-09 12:28:02.446000+05:30
123,J1_KOLLUPITIYA,2026-05-09 12:28:02.436933+05:30,2026-05-09 12:28:16.691000+05:30,70,31.77,2026-05-09 12:28:02.442000+05:30
122,J4_BORELLA,2026-05-09 12:28:01.428000+05:30,2026-05-09 12:28:16.691000+05:30,58,18.92,2026-05-09 12:28:01.430000+05:30
146,J3_TOWN_HALL,2026-05-09 12:28:01.427063+05:30,2026-05-09 12:28:16.691000+05:30,32,19.04,2026-05-09 12:28:01.427000+05:30
105,J2_BAMBALAPITIYA,2026-05-09 12:28:01.422410+05:30,2026-05-09 12:28:16.691000+05:30,10,32.59,2026-05-09 12:28:01.425000+05:30
121,J1_KOLLUPITIYA,2026-05-09 12:28:01.418996+05:30,2026-05-09 12:28:16.691000+05:30,72,39.65,2026-05-09 12:28:01.419000+05:30
104,J4_BORELLA,2026-05-09 12:28:00.416733+05:30,2026-05-09 12:28:00.843000+05:30,65,48.22,2026-05-09 12:28:00.417000+05:30
100,J3_TOWN_HALL,2026-05-09 12:28:00.414959+05:30,2026-05-09 12:28:00.843000+05:30,34,28.93,2026-05-09 12:28:00.415000+05:30
99,J2_BAMBALAPITIYA,2026-05-09 12:28:00.413084+05:30,2026-05-09 12:28:00.843000+05:30,27,56.91,2026-05-09 12:28:00.413000+05:30
103,J1_KOLLUPITIYA,2026-05-09 12:28:00.412252+05:30,2026-05-09 12:28:00.843000+05:30,71,39.04,2026-05-09 12:28:00.412000+05:30
102,J4_BORELLA,2026-05-09 12:27:59.409623+05:30,2026-05-09 12:28:00.843000+05:30,44,53.51,2026-05-09 12:27:59.410000+05:30
98,J3_TOWN_HALL,2026-05-09 12:27:59.406170+05:30,2026-05-09 12:28:00.843000+05:30,103,8.89,2026-05-09 12:27:59.409000+05:30
97,J2_BAMBALAPITIYA,2026-05-09 12:27:59.402222+05:30,2026-05-09 12:28:00.843000+05:30,27,52.14,2026-05-09 12:27:59.405000+05:30
101,J1_KOLLUPITIYA,2026-05-09 12:27:59.400650+05:30,2026-05-09 12:28:00.843000+05:30,52,31.26,2026-05-09 12:27:59.401000+05:30
96,J4_BORELLA,2026-05-09 12:27:58.398621+05:30,2026-05-09 12:28:00.843000+05:30,32,47.94,2026-05-09 12:27:58.399000+05:30
95,J3_TOWN_HALL,2026-05-09 12:27:58.397721+05:30,2026-05-09 12:28:00.843000+05:30,30,36.63,2026-05-09 12:27:58.398000+05:30
93,J2_BAMBALAPITIYA,2026-05-09 12:27:58.396825+05:30,2026-05-09 12:28:00.843000+05:30,39,21.72,2026-05-09 12:27:58.397000+05:30
94,J1_KOLLUPITIYA,2026-05-09 12:27:58.396109+05:30,2026-05-09 12:28:00.843000+05:30,71,44.89,2026-05-09 12:27:58.396000+05:30
92,J4_BORELLA,2026-05-09 12:04:01.252076+05:30,2026-05-09 12:04:10.004000+05:30,51,45.58,2026-05-09 12:04:01.254000+05:30
86,J3_TOWN_HALL,2026-05-09 12:04:01.250842+05:30,2026-05-09 12:04:10.004000+05:30,67,49.74,2026-05-09 12:04:01.251000+05:30
88,J2_BAMBALAPITIYA,2026-05-09 12:04:01.248967+05:30,2026-05-09 12:04:10.004000+05:30,43,36.88,2026-05-09 12:04:01.250000+05:30
91,J1_KOLLUPITIYA,2026-05-09 12:04:01.248036+05:30,2026-05-09 12:04:10.004000+05:30,10,31.89,2026-05-09 12:04:01.248000+05:30
90,J4_BORELLA,2026-05-09 12:04:00.246377+05:30,2026-05-09 12:04:10.004000+05:30,60,26.02,2026-05-09 12:04:00.246000+05:30
85,J3_TOWN_HALL,2026-05-09 12:04:00.244866+05:30,2026-05-09 12:04:10.004000+05:30,77,57.40,2026-05-09 12:04:00.245000+05:30
87,J2_BAMBALAPITIYA,2026-05-09 12:04:00.243137+05:30,2026-05-09 12:04:10.004000+05:30,72,39.51,2026-05-09 12:04:00.243000+05:30
89,J1_KOLLUPITIYA,2026-05-09 12:04:00.242386+05:30,2026-05-09 12:04:10.004000+05:30,45,59.14,2026-05-09 12:04:00.242000+05:30
84,J4_BORELLA,2026-05-09 12:03:59.240182+05:30,2026-05-09 12:04:00.004000+05:30,62,24.94,2026-05-09 12:03:59.241000+05:30
63,J3_TOWN_HALL,2026-05-09 12:03:59.239376+05:30,2026-05-09 12:04:00.004000+05:30,76,28.28,2026-05-09 12:03:59.240000+05:30
70,J2_BAMBALAPITIYA,2026-05-09 12:03:59.238511+05:30,2026-05-09 12:04:00.004000+05:30,45,35.53,2026-05-09 12:03:59.239000+05:30
83,J1_KOLLUPITIYA,2026-05-09 12:03:59.237955+05:30,2026-05-09 12:04:00.004000+05:30,42,42.80,2026-05-09 12:03:59.238000+05:30
82,J4_BORELLA,2026-05-09 12:03:58.233432+05:30,2026-05-09 12:04:00.004000+05:30,138,5.07,2026-05-09 12:03:58.236000+05:30
62,J3_TOWN_HALL,2026-05-09 12:03:58.231786+05:30,2026-05-09 12:04:00.004000+05:30,79,29.16,2026-05-09 12:03:58.232000+05:30
69,J2_BAMBALAPITIYA,2026-05-09 12:03:58.229274+05:30,2026-05-09 12:04:00.004000+05:30,42,49.87,2026-05-09 12:03:58.230000+05:30
81,J1_KOLLUPITIYA,2026-05-09 12:03:58.228028+05:30,2026-05-09 12:04:00.004000+05:30,25,57.52,2026-05-09 12:03:58.228000+05:30
80,J4_BORELLA,2026-05-09 12:03:57.225919+05:30,2026-05-09 12:04:00.004000+05:30,52,32.53,2026-05-09 12:03:57.226000+05:30
61,J3_TOWN_HALL,2026-05-09 12:03:57.225254+05:30,2026-05-09 12:04:00.004000+05:30,75,36.99,2026-05-09 12:03:57.225000+05:30
68,J2_BAMBALAPITIYA,2026-05-09 12:03:57.224178+05:30,2026-05-09 12:04:00.004000+05:30,75,50.08,2026-05-09 12:03:57.224000+05:30
79,J1_KOLLUPITIYA,2026-05-09 12:03:57.223428+05:30,2026-05-09 12:04:00.004000+05:30,37,23.00,2026-05-09 12:03:57.224000+05:30
78,J4_BORELLA,2026-05-09 12:03:56.221319+05:30,2026-05-09 12:04:00.004000+05:30,61,28.57,2026-05-09 12:03:56.222000+05:30
60,J3_TOWN_HALL,2026-05-09 12:03:56.219470+05:30,2026-05-09 12:04:00.004000+05:30,37,57.37,2026-05-09 12:03:56.220000+05:30
67,J2_BAMBALAPITIYA,2026-05-09 12:03:56.218076+05:30,2026-05-09 12:04:00.004000+05:30,23,20.16,2026-05-09 12:03:56.219000+05:30
77,J1_KOLLUPITIYA,2026-05-09 12:03:56.216956+05:30,2026-05-09 12:04:00.004000+05:30,74,59.48,2026-05-09 12:03:56.217000+05:30
76,J4_BORELLA,2026-05-09 12:03:55.213890+05:30,2026-05-09 12:04:00.004000+05:30,42,20.42,2026-05-09 12:03:55.215000+05:30
59,J3_TOWN_HALL,2026-05-09 12:03:55.212356+05:30,2026-05-09 12:04:00.004000+05:30,58,36.64,2026-05-09 12:03:55.213000+05:30
66,J2_BAMBALAPITIYA,2026-05-09 12:03:55.210688+05:30,2026-05-09 12:04:00.004000+05:30,33,37.02,2026-05-09 12:03:55.212000+05:30
75,J1_KOLLUPITIYA,2026-05-09 12:03:55.209432+05:30,2026-05-09 12:04:00.004000+05:30,47,35.35,2026-05-09 12:03:55.210000+05:30
74,J4_BORELLA,2026-05-09 12:03:54.206474+05:30,2026-05-09 12:04:00.004000+05:30,57,16.27,2026-05-09 12:03:54.207000+05:30
58,J3_TOWN_HALL,2026-05-09 12:03:54.204061+05:30,2026-05-09 12:04:00.004000+05:30,107,8.18,2026-05-09 12:03:54.205000+05:30
65,J2_BAMBALAPITIYA,2026-05-09 12:03:54.202513+05:30,2026-05-09 12:04:00.004000+05:30,18,50.38,2026-05-09 12:03:54.203000+05:30
73,J1_KOLLUPITIYA,2026-05-09 12:03:54.201878+05:30,2026-05-09 12:04:00.004000+05:30,45,20.77,2026-05-09 12:03:54.202000+05:30
72,J4_BORELLA,2026-05-09 12:03:53.199903+05:30,2026-05-09 12:04:00.004000+05:30,27,34.39,2026-05-09 12:03:53.200000+05:30
57,J3_TOWN_HALL,2026-05-09 12:03:53.198874+05:30,2026-05-09 12:04:00.004000+05:30,22,54.39,2026-05-09 12:03:53.199000+05:30
64,J2_BAMBALAPITIYA,2026-05-09 12:03:53.197771+05:30,2026-05-09 12:04:00.004000+05:30,38,35.85,2026-05-09 12:03:53.198000+05:30
71,J1_KOLLUPITIYA,2026-05-09 12:03:53.196859+05:30,2026-05-09 12:04:00.004000+05:30,61,46.38,2026-05-09 12:03:53.197000+05:30
34,J4_BORELLA,2026-05-09 12:03:52.190285+05:30,2026-05-09 12:03:52.472000+05:30,22,48.32,2026-05-09 12:03:52.193000+05:30
52,J3_TOWN_HALL,2026-05-09 12:03:52.187575+05:30,2026-05-09 12:03:52.472000+05:30,62,54.71,2026-05-09 12:03:52.188000+05:30
56,J2_BAMBALAPITIYA,2026-05-09 12:03:52.186059+05:30,2026-05-09 12:03:52.472000+05:30,57,47.45,2026-05-09 12:03:52.186000+05:30
33,J1_KOLLUPITIYA,2026-05-09 12:03:52.185235+05:30,2026-05-09 12:03:52.472000+05:30,80,26.63,2026-05-09 12:03:52.185000+05:30
32,J4_BORELLA,2026-05-09 12:03:51.183019+05:30,2026-05-09 12:03:52.472000+05:30,34,41.48,2026-05-09 12:03:51.183000+05:30
44,J3_TOWN_HALL,2026-05-09 12:03:51.182050+05:30,2026-05-09 12:03:52.472000+05:30,25,21.26,2026-05-09 12:03:51.182000+05:30
55,J2_BAMBALAPITIYA,2026-05-09 12:03:51.181000+05:30,2026-05-09 12:03:52.472000+05:30,18,59.80,2026-05-09 12:03:51.181000+05:30
31,J1_KOLLUPITIYA,2026-05-09 12:03:51.180106+05:30,2026-05-09 12:03:52.472000+05:30,68,46.47,2026-05-09 12:03:51.180000+05:30
30,J4_BORELLA,2026-05-09 12:03:50.178318+05:30,2026-05-09 12:03:52.472000+05:30,45,15.85,2026-05-09 12:03:50.178000+05:30
43,J3_TOWN_HALL,2026-05-09 12:03:50.177484+05:30,2026-05-09 12:03:52.472000+05:30,54,50.78,2026-05-09 12:03:50.178000+05:30
54,J2_BAMBALAPITIYA,2026-05-09 12:03:50.176798+05:30,2026-05-09 12:03:52.472000+05:30,53,21.23,2026-05-09 12:03:50.177000+05:30
29,J1_KOLLUPITIYA,2026-05-09 12:03:50.176262+05:30,2026-05-09 12:03:52.472000+05:30,75,58.71,2026-05-09 12:03:50.176000+05:30
28,J4_BORELLA,2026-05-09 12:03:49.173460+05:30,2026-05-09 12:03:52.472000+05:30,11,38.98,2026-05-09 12:03:49.174000+05:30
42,J3_TOWN_HALL,2026-05-09 12:03:49.172592+05:30,2026-05-09 12:03:52.472000+05:30,34,39.29,2026-05-09 12:03:49.173000+05:30
53,J2_BAMBALAPITIYA,2026-05-09 12:03:49.171077+05:30,2026-05-09 12:03:52.472000+05:30,29,30.36,2026-05-09 12:03:49.171000+05:30
27,J1_KOLLUPITIYA,2026-05-09 12:03:49.170079+05:30,2026-05-09 12:03:52.472000+05:30,80,37.01,2026-05-09 12:03:49.170000+05:30
26,J4_BORELLA,2026-05-09 12:03:48.167377+05:30,2026-05-09 12:03:52.472000+05:30,59,35.02,2026-05-09 12:03:48.168000+05:30
41,J3_TOWN_HALL,2026-05-09 12:03:48.165755+05:30,2026-05-09 12:03:52.472000+05:30,57,15.65,2026-05-09 12:03:48.166000+05:30
51,J2_BAMBALAPITIYA,2026-05-09 12:03:48.163505+05:30,2026-05-09 12:03:52.472000+05:30,37,17.98,2026-05-09 12:03:48.164000+05:30
25,J1_KOLLUPITIYA,2026-05-09 12:03:48.162450+05:30,2026-05-09 12:03:52.472000+05:30,14,32.17,2026-05-09 12:03:48.163000+05:30
24,J4_BORELLA,2026-05-09 12:03:47.160418+05:30,2026-05-09 12:03:52.472000+05:30,16,58.00,2026-05-09 12:03:47.160000+05:30
40,J3_TOWN_HALL,2026-05-09 12:03:47.159028+05:30,2026-05-09 12:03:52.472000+05:30,64,17.74,2026-05-09 12:03:47.160000+05:30
50,J2_BAMBALAPITIYA,2026-05-09 12:03:47.157734+05:30,2026-05-09 12:03:52.472000+05:30,31,54.25,2026-05-09 12:03:47.158000+05:30
23,J1_KOLLUPITIYA,2026-05-09 12:03:47.156450+05:30,2026-05-09 12:03:52.472000+05:30,40,54.67,2026-05-09 12:03:47.157000+05:30
22,J4_BORELLA,2026-05-09 12:03:46.151551+05:30,2026-05-09 12:03:52.472000+05:30,12,33.54,2026-05-09 12:03:46.152000+05:30
39,J3_TOWN_HALL,2026-05-09 12:03:46.150213+05:30,2026-05-09 12:03:52.472000+05:30,34,44.55,2026-05-09 12:03:46.151000+05:30
49,J2_BAMBALAPITIYA,2026-05-09 12:03:46.149266+05:30,2026-05-09 12:03:52.472000+05:30,63,55.72,2026-05-09 12:03:46.149000+05:30
21,J1_KOLLUPITIYA,2026-05-09 12:03:46.148443+05:30,2026-05-09 12:03:52.472000+05:30,50,55.17,2026-05-09 12:03:46.149000+05:30
20,J4_BORELLA,2026-05-09 12:03:45.147071+05:30,2026-05-09 12:03:52.472000+05:30,62,48.33,2026-05-09 12:03:45.147000+05:30
38,J3_TOWN_HALL,2026-05-09 12:03:45.145689+05:30,2026-05-09 12:03:52.472000+05:30,32,33.61,2026-05-09 12:03:45.146000+05:30
48,J2_BAMBALAPITIYA,2026-05-09 12:03:45.144764+05:30,2026-05-09 12:03:52.472000+05:30,24,48.01,2026-05-09 12:03:45.145000+05:30
19,J1_KOLLUPITIYA,2026-05-09 12:03:45.143746+05:30,2026-05-09 12:03:52.472000+05:30,79,28.91,2026-05-09 12:03:45.144000+05:30
18,J4_BORELLA,2026-05-09 12:03:44.140721+05:30,2026-05-09 12:03:52.472000+05:30,18,55.90,2026-05-09 12:03:44.142000+05:30
37,J3_TOWN_HALL,2026-05-09 12:03:44.133398+05:30,2026-05-09 12:03:52.472000+05:30,62,21.01,2026-05-09 12:03:44.140000+05:30
47,J2_BAMBALAPITIYA,2026-05-09 12:03:44.132908+05:30,2026-05-09 12:03:52.472000+05:30,24,15.75,2026-05-09 12:03:44.133000+05:30
17,J1_KOLLUPITIYA,2026-05-09 12:03:44.130862+05:30,2026-05-09 12:03:52.472000+05:30,103,2.35,2026-05-09 12:03:44.132000+05:30
16,J4_BORELLA,2026-05-09 12:03:43.127097+05:30,2026-05-09 12:03:52.472000+05:30,76,43.63,2026-05-09 12:03:43.127000+05:30
36,J3_TOWN_HALL,2026-05-09 12:03:43.125796+05:30,2026-05-09 12:03:52.472000+05:30,41,50.58,2026-05-09 12:03:43.126000+05:30
46,J2_BAMBALAPITIYA,2026-05-09 12:03:43.124349+05:30,2026-05-09 12:03:52.472000+05:30,65,17.58,2026-05-09 12:03:43.124000+05:30
15,J1_KOLLUPITIYA,2026-05-09 12:03:43.120865+05:30,2026-05-09 12:03:52.472000+05:30,57,56.87,2026-05-09 12:03:43.124000+05:30
14,J4_BORELLA,2026-05-09 12:03:42.118391+05:30,2026-05-09 12:03:52.472000+05:30,40,20.11,2026-05-09 12:03:42.119000+05:30
35,J3_TOWN_HALL,2026-05-09 12:03:42.116568+05:30,2026-05-09 12:03:52.472000+05:30,10,56.62,2026-05-09 12:03:42.118000+05:30
45,J2_BAMBALAPITIYA,2026-05-09 12:03:42.115444+05:30,2026-05-09 12:03:52.472000+05:30,38,46.53,2026-05-09 12:03:42.116000+05:30
13,J1_KOLLUPITIYA,2026-05-09 12:03:42.114133+05:30,2026-05-09 12:03:52.472000+05:30,79,38.52,2026-05-09 12:03:42.115000+05:30
9,J4_BORELLA,2026-05-09 12:03:41.112355+05:30,2026-05-09 12:03:41.247000+05:30,76,52.84,2026-05-09 12:03:41.112000+05:30
12,J3_TOWN_HALL,2026-05-09 12:03:41.110692+05:30,2026-05-09 12:03:41.247000+05:30,53,36.39,2026-05-09 12:03:41.111000+05:30
6,J2_BAMBALAPITIYA,2026-05-09 12:03:41.108806+05:30,2026-05-09 12:03:41.247000+05:30,55,29.84,2026-05-09 12:03:41.109000+05:30
8,J1_KOLLUPITIYA,2026-05-09 12:03:41.106209+05:30,2026-05-09 12:03:41.247000+05:30,145,8.68,2026-05-09 12:03:41.108000+05:30
7,J4_BORELLA,2026-05-09 12:03:40.103957+05:30,2026-05-09 12:03:41.247000+05:30,41,44.45,2026-05-09 12:03:40.104000+05:30
11,J3_TOWN_HALL,2026-05-09 12:03:40.102716+05:30,2026-05-09 12:03:41.247000+05:30,12,20.32,2026-05-09 12:03:40.103000+05:30
4,J2_BAMBALAPITIYA,2026-05-09 12:03:40.101611+05:30,2026-05-09 12:03:41.247000+05:30,49,25.27,2026-05-09 12:03:40.102000+05:30
5,J1_KOLLUPITIYA,2026-05-09 12:03:40.100897+05:30,2026-05-09 12:03:41.247000+05:30,21,26.89,2026-05-09 12:03:40.101000+05:30
3,J4_BORELLA,2026-05-09 12:03:39.097477+05:30,2026-05-09 12:03:41.247000+05:30,35,52.82,2026-05-09 12:03:39.099000+05:30
10,J3_TOWN_HALL,2026-05-09 12:03:39.096169+05:30,2026-05-09 12:03:41.247000+05:30,11,15.71,2026-05-09 12:03:39.096000+05:30
1,J2_BAMBALAPITIYA,2026-05-09 12:03:39.093942+05:30,2026-05-09 12:03:41.247000+05:30,15,53.72,2026-05-09 12:03:39.095000+05:30
2,J1_KOLLUPITIYA,2026-05-09 12:03:39.092988+05:30,2026-05-09 12:03:41.247000+05:30,30,46.06,2026-05-09 12:03:39.093000+05:30
